Best F1 Score,Worst F1 Score,Average F1 Score,F1 Score Std Dev,Average Time,Time Std Dev
0.5743,0.5178,0.555339,0.01113209841635957,140.3555,6.636633620148157
