Best F1 Score,Worst F1 Score,Average F1 Score,F1 Score Std Dev,Average Time,Time Std Dev
0.5849,0.541,0.573483,0.005876009348068281,124.07839999999999,4.479299575477028
