Best_F1_Score,Worst_F1_Score,Avg_F1_Score,StdDev_F1_Score,Avg_Time,StdDev_Time
0.4363,0.3895,0.412528,0.01076507709440508,236.1217000000001,4.213696535697672
