Best_F1_Score,Worst_F1_Score,Avg_F1_Score,StdDev_F1_Score,Avg_Time,StdDev_Time
0.4357,0.4013,0.42268,0.007598431523423871,195.0120999999994,3.853169571596219
