Best F1 Score,Worst F1 Score,Average F1 Score,F1 Score Std Dev,Average Time,Time Std Dev
0.5917,0.5835,0.5879799999999998,0.0015507573907121946,296.8909999999999,75.30190948925046
